account_number,sub_account_number,account_description,account_type,category_name,category_abbreviation
0,,SUSPENSE ACCOUNT,A,JOHN DANIEL KINGSTON,JDK
100,,ASSETS,H,JOHN DANIEL KINGSTON,JDK
101,,CURRENT ASSETS,H,JOHN DANIEL KINGSTON,JDK
102,,CASH,A,JOHN DANIEL KINGSTON,JDK
102,10,CHECK CASHING CASH,A,JOHN DANIEL KINGSTON,JDK
102,1,CASH ACCRUAL,A,JOHN DANIEL KINGSTON,JDK
102,7,PETTY CASH,A,JOHN DANIEL KINGSTON,JDK
108,,SHORT TERM CONTRACTS & NT REC,A,JOHN DANIEL KINGSTON,JDK
109,,ST CONTRACTS REC - LEDGER,A,JOHN DANIEL KINGSTON,JDK
111,,ACCOUNTS RECEIVABLE,A,JOHN DANIEL KINGSTON,JDK
111,100,A/R SALES NOT RECEIPTED,A,JOHN DANIEL KINGSTON,JDK
112,,ACCOUNTS RECEIVABLE,A,JOHN DANIEL KINGSTON,JDK
113,,ALLOWANCE FOR DOUBTFUL A/R,A,JOHN DANIEL KINGSTON,JDK
113,1000,ALLOWANCE FOR DOUBTFUL INT,A,JOHN DANIEL KINGSTON,JDK
115,,INTEREST RECEIVABLE,A,JOHN DANIEL KINGSTON,JDK
118,,RESALE INVENTORY,A,JOHN DANIEL KINGSTON,JDK
118,100,RESALE INV-STORE,A,JOHN DANIEL KINGSTON,JDK
118,120,RESALE INV-BEER,A,JOHN DANIEL KINGSTON,JDK
118,200,RESALE INV - BEES,A,JOHN DANIEL KINGSTON,JDK
118,400,RESALE INV-GAS,A,JOHN DANIEL KINGSTON,JDK
118,500,RESALE INV-VALUE OF CROPS,A,JOHN DANIEL KINGSTON,JDK
119,,RESALE PARTS,A,JOHN DANIEL KINGSTON,JDK
120,,RESALE EQUIPMENT,A,JOHN DANIEL KINGSTON,JDK
122,,MATERIALS,A,JOHN DANIEL KINGSTON,JDK
122,190,MATERIALS & EQUIP PROP UPKEEP,A,JOHN DANIEL KINGSTON,JDK
125,,SUPPLIES,A,JOHN DANIEL KINGSTON,JDK
125,10,STEEL,A,JOHN DANIEL KINGSTON,JDK
125,20,DUMPSTERS,A,JOHN DANIEL KINGSTON,JDK
125,30,TRUCK SUPPLIES,A,JOHN DANIEL KINGSTON,JDK
125,35,PURCHASED ROLLER PARTS,A,JOHN DANIEL KINGSTON,JDK
125,40,FABRICATED ROLLER PARTS,A,JOHN DANIEL KINGSTON,JDK
125,50,LONGWALL SHIELDS,A,JOHN DANIEL KINGSTON,JDK
125,200,SUPPLIES - HAY & FEED,A,JOHN DANIEL KINGSTON,JDK
125,400,SUPPLIES GAS & DIESEL,A,JOHN DANIEL KINGSTON,JDK
125,571,SUPPLIES EQUIP MAINT,A,JOHN DANIEL KINGSTON,JDK
125,699,SUPPLIES VETERINARY,A,JOHN DANIEL KINGSTON,JDK
125,900,SUPPLIES FOR COWS,A,JOHN DANIEL KINGSTON,JDK
126,,PIGS & HOGS FARM,A,JOHN DANIEL KINGSTON,JDK
127,,BIRDS CHICKENS & TURKEYS,A,JOHN DANIEL KINGSTON,JDK
127,10,OSTRICHES,A,JOHN DANIEL KINGSTON,JDK
127,100,CHICKEN PROCESSING EQUIP,A,JOHN DANIEL KINGSTON,JDK
128,,HAY & FEED INVENTORY,A,JOHN DANIEL KINGSTON,JDK
129,,"CALVES, COWS & BULLS",A,JOHN DANIEL KINGSTON,JDK
129,10,BREED COWS,A,JOHN DANIEL KINGSTON,JDK
129,12,CATTLE-SPECIAL COW,A,JOHN DANIEL KINGSTON,JDK
129,15,CATTLE-BREED HEIFERS,A,JOHN DANIEL KINGSTON,JDK
129,150,ET EQUIP & SUPPLIES,A,JOHN DANIEL KINGSTON,JDK
129,20,FEEDER CALVES,A,JOHN DANIEL KINGSTON,JDK
129,25,CULL COWS,A,JOHN DANIEL KINGSTON,JDK
129,30,CATTLE-HERD BULLS,A,JOHN DANIEL KINGSTON,JDK
129,40,SALE BULLS,A,JOHN DANIEL KINGSTON,JDK
129,45,CATTLE,A,JOHN DANIEL KINGSTON,JDK
129,50,BUFFALO BOWS,A,JOHN DANIEL KINGSTON,JDK
129,55,CATTLE-BURRALO HEIFER CALVES,A,JOHN DANIEL KINGSTON,JDK
129,60,BUFFALO BULL CALVES,A,JOHN DANIEL KINGSTON,JDK
129,65,CATTLE-BUFFALO HERD BULLS,A,JOHN DANIEL KINGSTON,JDK
129,70,BUFFALO HUNT BULLS,A,JOHN DANIEL KINGSTON,JDK
129,80,CATTLE,A,JOHN DANIEL KINGSTON,JDK
129,100,CATTLE SEMEN,A,JOHN DANIEL KINGSTON,JDK
129,210,BEES BOXES,A,JOHN DANIEL KINGSTON,JDK
129,220,HONEY EXTRACTING EQUIP,A,JOHN DANIEL KINGSTON,JDK
130,,HORSES,A,JOHN DANIEL KINGSTON,JDK
136,,PREPAID RENT,A,JOHN DANIEL KINGSTON,JDK
138,,PREPAID INSURANCE,A,JOHN DANIEL KINGSTON,JDK
142,,OTHER PREPAID ASSETS,A,JOHN DANIEL KINGSTON,JDK
142,136,PREPAID ASSETS-RENT,A,JOHN DANIEL KINGSTON,JDK
142,138,PREPAID ASSETS-INSURANCE,A,JOHN DANIEL KINGSTON,JDK
143,,UNCLEARED CHECK ACCRUAL,A,JOHN DANIEL KINGSTON,JDK
143,5,UNCLEARED CHECK ACCRUAL,A,JOHN DANIEL KINGSTON,JDK
144,,VOUCHER CASH,A,JOHN DANIEL KINGSTON,JDK
144,100,ISSUED VOUCHERS,A,JOHN DANIEL KINGSTON,JDK
145,,AR INC. TO DATE,A,JOHN DANIEL KINGSTON,JDK
146,,CASH IN BANK ACCOUNTS,A,JOHN DANIEL KINGSTON,JDK
147,,CASH IN TRUST ACCOUNTS,A,JOHN DANIEL KINGSTON,JDK
148,,OTHER CURRENT ASSETS,A,JOHN DANIEL KINGSTON,JDK
148,31,OTHER CURRENT ASSETS,A,JOHN DANIEL KINGSTON,JDK
149,,TOTAL CURRENT ASSETS,T,JOHN DANIEL KINGSTON,JDK
150,,LONG TERM ASSETS,H,JOHN DANIEL KINGSTON,JDK
151,,LONG TERM CONTRACTS & NTS REC,A,JOHN DANIEL KINGSTON,JDK
152,,ALLOWANCE FOR DOUBTFUL ACTS,A,JOHN DANIEL KINGSTON,JDK
153,,INTERNAL INVESTMENTS,A,JOHN DANIEL KINGSTON,JDK
154,,OTHER LONG TERM INVESTMENTS,A,JOHN DANIEL KINGSTON,JDK
155,,LONG TERM LOANS,A,JOHN DANIEL KINGSTON,JDK
157,,VEHICLES,A,JOHN DANIEL KINGSTON,JDK
157,200,VEHICLES-HAY & FEED,A,JOHN DANIEL KINGSTON,JDK
157,400,VEHICLES-TRAILERS,A,JOHN DANIEL KINGSTON,JDK
157,450,VEHICLES-REFRIDGERATED TRAILER,A,JOHN DANIEL KINGSTON,JDK
157,500,VEHICLES-ENCLOSED TRAILERS,A,JOHN DANIEL KINGSTON,JDK
157,900,VEHICLES-TRAILERS,A,JOHN DANIEL KINGSTON,JDK
158,,ACCUM DEPRECIATION VEHICLES,A,JOHN DANIEL KINGSTON,JDK
159,,PARTS,A,JOHN DANIEL KINGSTON,JDK
160,,ACCUM DEP PARTS,A,JOHN DANIEL KINGSTON,JDK
161,,EQUIPMENT,A,JOHN DANIEL KINGSTON,JDK
161,10,EQUIPMENT-HAND TOOLS,A,JOHN DANIEL KINGSTON,JDK
161,20,EQUIPMENT,A,JOHN DANIEL KINGSTON,JDK
161,40,CUTTING TOOLS,A,JOHN DANIEL KINGSTON,JDK
161,50,EQUIPMENT-FEED TRUCK #1,A,JOHN DANIEL KINGSTON,JDK
161,10,OSTRICH EQUIP,A,JOHN DANIEL KINGSTON,JDK
161,100,EQUIPMENT-TOOLS,A,JOHN DANIEL KINGSTON,JDK
161,130,EQUIPMENT,A,JOHN DANIEL KINGSTON,JDK
161,170,EQUIP-IMPROVEMENTS,A,JOHN DANIEL KINGSTON,JDK
161,190,EQUIP-PROPERTY UPKEEP,A,JOHN DANIEL KINGSTON,JDK
161,200,EQUIP-HAY & FEED,A,JOHN DANIEL KINGSTON,JDK
161,210,FEED MILL EQUIP,A,JOHN DANIEL KINGSTON,JDK
161,400,EQUIP-FUEL,A,JOHN DANIEL KINGSTON,JDK
161,500,EQUIP-IMPLEMENTS ETC,A,JOHN DANIEL KINGSTON,JDK
161,535,EQUIP-VEHICLES,A,JOHN DANIEL KINGSTON,JDK
161,550,EQUIP-MACHINERY SUPPLIES,A,JOHN DANIEL KINGSTON,JDK
161,700,EQUIPMENT-IRRIGATION,A,JOHN DANIEL KINGSTON,JDK
161,800,EQUIP-LIVESTOCK,A,JOHN DANIEL KINGSTON,JDK
161,810,EQUIPMENT - MTN WATER SYSTEM,A,JOHN DANIEL KINGSTON,JDK
161,850,EQUIP-POWER SYSTEM,A,JOHN DANIEL KINGSTON,JDK
161,900,EQUIP-COWS,A,JOHN DANIEL KINGSTON,JDK
161,100,CATTLE -EQUIP,A,JOHN DANIEL KINGSTON,JDK
161,200,FARM EQUIP,A,JOHN DANIEL KINGSTON,JDK
161,300,EQUIP-MEAT PROCESSING,A,JOHN DANIEL KINGSTON,JDK
161,400,BIOFUEL EQUIP,A,JOHN DANIEL KINGSTON,JDK
161,600,EQUIP-DAIRY,A,JOHN DANIEL KINGSTON,JDK
162,,ACCUM DEPRECIATION EQUIPMENT,A,JOHN DANIEL KINGSTON,JDK
162,10,ACCUM DEPR-DUMPSTERS,A,JOHN DANIEL KINGSTON,JDK
162,20,ACCUM DEPR-AUTOMATED CANS,A,JOHN DANIEL KINGSTON,JDK
163,,COMPUTER HARDWARE,A,JOHN DANIEL KINGSTON,JDK
164,,ACCUM DEPR COMPUTER HARDWARE,A,JOHN DANIEL KINGSTON,JDK
165,,COMPUTER SOFTWARE,A,JOHN DANIEL KINGSTON,JDK
165,100,COMPUTER SOFTWARE,A,JOHN DANIEL KINGSTON,JDK
166,,ACCUM DEPR COMPUTER SOFTWARE,A,JOHN DANIEL KINGSTON,JDK
167,,FURNITURE & FIXTURES,A,JOHN DANIEL KINGSTON,JDK
168,,ACCUM DEPR FURNITURE & FIXTURE,A,JOHN DANIEL KINGSTON,JDK
170,,IMPROVEMENTS,A,JOHN DANIEL KINGSTON,JDK
170,10,OSTRICH FENCING,A,JOHN DANIEL KINGSTON,JDK
170,20,FENCING & FENCE SUPPLY,A,JOHN DANIEL KINGSTON,JDK
170,30,IMPROV-CHICKEN HOUSING,A,JOHN DANIEL KINGSTON,JDK
170,35,IMPROV-WINDMILL PROJECT,A,JOHN DANIEL KINGSTON,JDK
170,40,IMPROV-FEED LOT,A,JOHN DANIEL KINGSTON,JDK
170,45,IMPROV-PIVIT,A,JOHN DANIEL KINGSTON,JDK
170,5,IMPROV-IRRIGATION,A,JOHN DANIEL KINGSTON,JDK
170,500,IMPROVEMENTS - WELLS,A,JOHN DANIEL KINGSTON,JDK
170,950,IMPROV,A,JOHN DANIEL KINGSTON,JDK
171,,ACCUM DEP IMPROVEMENTS,A,JOHN DANIEL KINGSTON,JDK
174,,BUILDINGS,A,JOHN DANIEL KINGSTON,JDK
174,10,OSTRICH BUILDING,A,JOHN DANIEL KINGSTON,JDK
174,100,BLDGS RESIDENTIAL HOUSES,A,JOHN DANIEL KINGSTON,JDK
174,200,BLDGS CHICKENS,A,JOHN DANIEL KINGSTON,JDK
175,,ACCUM DEPRECIATION BUILDINGS,A,JOHN DANIEL KINGSTON,JDK
180,,TREES,A,JOHN DANIEL KINGSTON,JDK
184,,WATER SHARES,A,JOHN DANIEL KINGSTON,JDK
185,,LAND LEASES,A,JOHN DANIEL KINGSTON,JDK
190,,LAND,A,JOHN DANIEL KINGSTON,JDK
191,,INTANGIBLE ASSETS,A,JOHN DANIEL KINGSTON,JDK
192,,ACCUMULATED AMORTIZATION,A,JOHN DANIEL KINGSTON,JDK
193,,OTHER LONG TERM ASSETS,A,JOHN DANIEL KINGSTON,JDK
194,,UNITS REC S.C.,A,JOHN DANIEL KINGSTON,JDK
195,,OTHER ASSETS,A,JOHN DANIEL KINGSTON,JDK
198,,TOTAL LONG TERM ASSETS,T,JOHN DANIEL KINGSTON,JDK
199,,TOTAL ASSETS,T,JOHN DANIEL KINGSTON,JDK
200,,LIABILITIES & OWNERS EQUITY,H,JOHN DANIEL KINGSTON,JDK
201,,LIABILITIES,H,JOHN DANIEL KINGSTON,JDK
202,,CURRENT LIABILITIES,H,JOHN DANIEL KINGSTON,JDK
203,,ACCOUNTS PAYABLE,A,JOHN DANIEL KINGSTON,JDK
203,100,MATERIAL A/P,A,JOHN DANIEL KINGSTON,JDK
204,,ACCOUNTS PAYABLE-COMPUTER,A,JOHN DANIEL KINGSTON,JDK
205,,ACCTS PAY-A/P COMPUTER ACCRUAL,A,JOHN DANIEL KINGSTON,JDK
206,,SHORT TERM CONTRACTS & NT PAY,A,JOHN DANIEL KINGSTON,JDK
207,,ST CONTRACTS PAY - LEDGER,A,JOHN DANIEL KINGSTON,JDK
210,,INTEREST PAYABLE,A,JOHN DANIEL KINGSTON,JDK
212,,ACCOUNTS PAYABLE CREDIT CARDS,A,JOHN DANIEL KINGSTON,JDK
212,1000,A/P-CC AMEX 1000,A,JOHN DANIEL KINGSTON,JDK
212,1008,A/P-CC AMEX 1008,A,JOHN DANIEL KINGSTON,JDK
212,1030,A/P-CC AMEX 1030,A,JOHN DANIEL KINGSTON,JDK
212,1048,A/P-CC AMEX 1048,A,JOHN DANIEL KINGSTON,JDK
212,7003,A/P-CC AMEX 7003,A,JOHN DANIEL KINGSTON,JDK
212,8091,A/P-CC CHASE 8091,A,JOHN DANIEL KINGSTON,JDK
212,8272,A/P-CC CHASE 8272,A,JOHN DANIEL KINGSTON,JDK
212,9200,A/P-CC AMEX 9200,A,JOHN DANIEL KINGSTON,JDK
212,9327,A/P-CC HOME DEPOT 9327,A,JOHN DANIEL KINGSTON,JDK
215,,ACCRUED PAYROLL,A,JOHN DANIEL KINGSTON,JDK
217,,ACCRUED TAXES-FICA,A,JOHN DANIEL KINGSTON,JDK
218,,ACCRUED TAXES-FED,A,JOHN DANIEL KINGSTON,JDK
219,,ACCRUED TAXES-STATE,A,JOHN DANIEL KINGSTON,JDK
220,,ACCRUED TAXES-FUTA & SUTA,A,JOHN DANIEL KINGSTON,JDK
221,,ACCRUED TAXES-WORKMANS COMP,A,JOHN DANIEL KINGSTON,JDK
222,,ACCRUED PROPERTY TAXES,A,JOHN DANIEL KINGSTON,JDK
227,,ACCRUED SALES TAXES,A,JOHN DANIEL KINGSTON,JDK
230,,SELF INSURANCE FUND,A,JOHN DANIEL KINGSTON,JDK
231,,EMPLOYEE BENEFIT FUND,A,JOHN DANIEL KINGSTON,JDK
246,,UNEARNED REVENUE,A,JOHN DANIEL KINGSTON,JDK
246,1,SECURITY DEPOSIT,A,JOHN DANIEL KINGSTON,JDK
248,,OTHER CURRENT LIABILITIES,A,JOHN DANIEL KINGSTON,JDK
249,,TOTAL CURRENT LIABILITIES,T,JOHN DANIEL KINGSTON,JDK
250,,LONG TERM LIABILITIES,H,JOHN DANIEL KINGSTON,JDK
270,,LONG TERM CONTRACTS & NT PAY,A,JOHN DANIEL KINGSTON,JDK
275,,LONG TERM LOANS,A,JOHN DANIEL KINGSTON,JDK
276,,OTHER LONG TERM NOTES PAYABLE,A,JOHN DANIEL KINGSTON,JDK
285,,UNITS PAY S.C.,A,JOHN DANIEL KINGSTON,JDK
290,,TOTAL LONG TERM LIABILITIES,T,JOHN DANIEL KINGSTON,JDK
299,,TOTAL LIABILITIES,T,JOHN DANIEL KINGSTON,JDK
300,,STOCKHOLDERS EQUITY,H,JOHN DANIEL KINGSTON,JDK
301,,CAPITAL STOCK,A,JOHN DANIEL KINGSTON,JDK
320,,PAID IN CAP. IN EXCESS OF PAR,A,JOHN DANIEL KINGSTON,JDK
325,,DISTRIBUTIONS,A,JOHN DANIEL KINGSTON,JDK
335,,DEBTS NOT COVERED,A,JOHN DANIEL KINGSTON,JDK
340,,BEGINNING RETAINED EARNINGS,A,JOHN DANIEL KINGSTON,JDK
350,,RETAINED EARNINGS,A,JOHN DANIEL KINGSTON,JDK
398,,TOTAL OWNERS EQUITY,T,JOHN DANIEL KINGSTON,JDK
399,,TOT. LIAB. & OWNERSS EQUITY,T,JOHN DANIEL KINGSTON,JDK
400,,INCOME STATEMENT,H,JOHN DANIEL KINGSTON,JDK
402,,REVENUE,H,JOHN DANIEL KINGSTON,JDK
404,,**,H,JOHN DANIEL KINGSTON,JDK
405,,SALES,H,JOHN DANIEL KINGSTON,JDK
405,10,SALES,A,JOHN DANIEL KINGSTON,JDK
405,50,SALES - CASHED CHECKS,A,JOHN DANIEL KINGSTON,JDK
405,100,SALES-SS GROCERY,A,JOHN DANIEL KINGSTON,JDK
405,104,SALES-SS GAS,A,JOHN DANIEL KINGSTON,JDK
405,110,SALES-SS NON TAX DIESEL,A,JOHN DANIEL KINGSTON,JDK
405,111,SALES,A,JOHN DANIEL KINGSTON,JDK
405,120,SALES,A,JOHN DANIEL KINGSTON,JDK
405,121,SALES,A,JOHN DANIEL KINGSTON,JDK
405,140,ALIGNMENTS 2&4 WHEEL,A,JOHN DANIEL KINGSTON,JDK
405,150,SALES-CARDBOARD,A,JOHN DANIEL KINGSTON,JDK
405,160,SALES,A,JOHN DANIEL KINGSTON,JDK
405,170,SALES,A,JOHN DANIEL KINGSTON,JDK
405,200,SALES-HAY,A,JOHN DANIEL KINGSTON,JDK
405,210,SALES,A,JOHN DANIEL KINGSTON,JDK
405,220,SALES,A,JOHN DANIEL KINGSTON,JDK
405,240,SALES,A,JOHN DANIEL KINGSTON,JDK
405,300,SALES - HOGS,A,JOHN DANIEL KINGSTON,JDK
405,310,SALES,A,JOHN DANIEL KINGSTON,JDK
405,350,SALES,A,JOHN DANIEL KINGSTON,JDK
405,400,SALES-GAS,A,JOHN DANIEL KINGSTON,JDK
405,410,SALES-NON TAX DIESEL,A,JOHN DANIEL KINGSTON,JDK
405,420,SALES-TAXABLE DIESEL,A,JOHN DANIEL KINGSTON,JDK
405,450,SALES-GROC HORIZON FOOD STAMP,A,JOHN DANIEL KINGSTON,JDK
405,500,SALES-BREAD,A,JOHN DANIEL KINGSTON,JDK
405,510,SALES - MILK,A,JOHN DANIEL KINGSTON,JDK
405,550,SALES-GROCERIES,A,JOHN DANIEL KINGSTON,JDK
405,560,SALES - VIDEOS,A,JOHN DANIEL KINGSTON,JDK
405,575,SALES-BEER,A,JOHN DANIEL KINGSTON,JDK
405,600,SALES - GVT PYMTS,A,JOHN DANIEL KINGSTON,JDK
405,700,SALES - SAWDUST,A,JOHN DANIEL KINGSTON,JDK
405,810,SALES - WOOL,A,JOHN DANIEL KINGSTON,JDK
405,900,SALES-COWS,A,JOHN DANIEL KINGSTON,JDK
405,920,SALES-CHICKENS,A,JOHN DANIEL KINGSTON,JDK
405,950,SALES - HORSES,A,JOHN DANIEL KINGSTON,JDK
405,975,SALES-MEAT,A,JOHN DANIEL KINGSTON,JDK
405,980,SALES - HERBS,A,JOHN DANIEL KINGSTON,JDK
405,990,SLAES-EGGS,A,JOHN DANIEL KINGSTON,JDK
405,995,SALES - TURKEYS,A,JOHN DANIEL KINGSTON,JDK
405,10,POTATOES - COMMERCIAL,A,JOHN DANIEL KINGSTON,JDK
405,110,TAXABLE SALES,A,JOHN DANIEL KINGSTON,JDK
405,120,QUICK LUBE SERVICE,A,JOHN DANIEL KINGSTON,JDK
405,130,SAFETY & EMISSION,A,JOHN DANIEL KINGSTON,JDK
405,150,TIRE SALES,A,JOHN DANIEL KINGSTON,JDK
405,190,OTHER AUTO & TRUCK SERVICE,A,JOHN DANIEL KINGSTON,JDK
405,250,FEEDING INCOME - GRAZING,A,JOHN DANIEL KINGSTON,JDK
405,30,GRAIN WHEAT,A,JOHN DANIEL KINGSTON,JDK
405,35,GRAIN BARLEY,A,JOHN DANIEL KINGSTON,JDK
405,40,GOVERNMENT PAYMENTS,A,JOHN DANIEL KINGSTON,JDK
405,400,A/C SERVICE,A,JOHN DANIEL KINGSTON,JDK
405,800,SERVICE LABOR,A,JOHN DANIEL KINGSTON,JDK
408,,SERVICE REVENUE,A,JOHN DANIEL KINGSTON,JDK
408,1000,SERVICE REV-MAINT AGREEMENTS,A,JOHN DANIEL KINGSTON,JDK
420,,OTHER SALES,A,JOHN DANIEL KINGSTON,JDK
421,,WAGE MDSE REVENUE,A,JOHN DANIEL KINGSTON,JDK
422,,RETURNS & ALLOWANCES,A,JOHN DANIEL KINGSTON,JDK
425,,DISCOUNTS,A,JOHN DANIEL KINGSTON,JDK
426,,EXISE TAX,A,JOHN DANIEL KINGSTON,JDK
428,,SALES TAX,A,JOHN DANIEL KINGSTON,JDK
430,,NET SALES,T,JOHN DANIEL KINGSTON,JDK
432,,COST OF GOODS SOLD,H,JOHN DANIEL KINGSTON,JDK
432,100,COGS-GROCERIES,A,JOHN DANIEL KINGSTON,JDK
432,110,COGS - VIDEOS,A,JOHN DANIEL KINGSTON,JDK
432,120,COGS-BEER,A,JOHN DANIEL KINGSTON,JDK
432,130,COGS - HARDWARE,A,JOHN DANIEL KINGSTON,JDK
432,150,COST OF GOODS SOLD,A,JOHN DANIEL KINGSTON,JDK
432,200,COGS - HAY,A,JOHN DANIEL KINGSTON,JDK
432,300,COST OF GOODS SOLD,A,JOHN DANIEL KINGSTON,JDK
432,310,COST OF GOODS SOLD,A,JOHN DANIEL KINGSTON,JDK
432,400,COGS-GAS,A,JOHN DANIEL KINGSTON,JDK
432,420,COGS - OFF ROAD DIESEL,A,JOHN DANIEL KINGSTON,JDK
432,500,COGS - BREAD,A,JOHN DANIEL KINGSTON,JDK
432,900,COGS - COWS CALVES BULLS,A,JOHN DANIEL KINGSTON,JDK
432,910,COGS-BUTCHERING,A,JOHN DANIEL KINGSTON,JDK
432,100,AUTO & TRUCK PARTS COGS,A,JOHN DANIEL KINGSTON,JDK
432,1001,COST OF GOODS SOLD,A,JOHN DANIEL KINGSTON,JDK
432,110,COGS-EMISSION TEST AUTH,A,JOHN DANIEL KINGSTON,JDK
432,1110,COGS-LANDFILL FEE,A,JOHN DANIEL KINGSTON,JDK
432,1111,COST OF GOODS SOLD,A,JOHN DANIEL KINGSTON,JDK
432,1120,COST OF GOODS SOLD,A,JOHN DANIEL KINGSTON,JDK
432,1121,COST OF GOODS SOLD,A,JOHN DANIEL KINGSTON,JDK
432,1200,COST OF GOODS SOLD,A,JOHN DANIEL KINGSTON,JDK
432,1210,COST OF GOODS SOLD,A,JOHN DANIEL KINGSTON,JDK
432,1220,COST OF GOODS SOLD,A,JOHN DANIEL KINGSTON,JDK
432,1240,COST OF GOODS SOLD,A,JOHN DANIEL KINGSTON,JDK
432,1250,COST OF GOODS SOLD,A,JOHN DANIEL KINGSTON,JDK
432,1300,COST OF GOODS SOLD,A,JOHN DANIEL KINGSTON,JDK
432,1310,COST OF GOODS SOLD,A,JOHN DANIEL KINGSTON,JDK
432,200,JET SKI SERVICE & REPAIR COGS,A,JOHN DANIEL KINGSTON,JDK
432,2009,COST OF GOODS SOLD,A,JOHN DANIEL KINGSTON,JDK
432,2011,COST OF GOODS SOLD,A,JOHN DANIEL KINGSTON,JDK
432,2016,COST OF GOODS SOLD,A,JOHN DANIEL KINGSTON,JDK
432,2017,COST OF GOODS SOLD,A,JOHN DANIEL KINGSTON,JDK
432,2018,COST OF GOODS SOLD,A,JOHN DANIEL KINGSTON,JDK
432,2023,COST OF GOODS SOLD,A,JOHN DANIEL KINGSTON,JDK
432,2024,COST OF GOODS SOLD,A,JOHN DANIEL KINGSTON,JDK
432,2025,COST OF GOODS SOLD,A,JOHN DANIEL KINGSTON,JDK
432,2101,COGS-R&M- MEC.,A,JOHN DANIEL KINGSTON,JDK
432,2201,COST OF GOODS SOLD,A,JOHN DANIEL KINGSTON,JDK
432,2301,COST OF GOODS SOLD,A,JOHN DANIEL KINGSTON,JDK
432,300,COST OF GOODS SOLD,A,JOHN DANIEL KINGSTON,JDK
432,3009,COST OF GOODS SOLD,A,JOHN DANIEL KINGSTON,JDK
432,3011,COST OF GOODS SOLD,A,JOHN DANIEL KINGSTON,JDK
432,3016,COST OF GOODS SOLD,A,JOHN DANIEL KINGSTON,JDK
432,3017,COST OF GOODS SOLD,A,JOHN DANIEL KINGSTON,JDK
432,3018,COST OF GOODS SOLD,A,JOHN DANIEL KINGSTON,JDK
432,3023,COST OF GOODS SOLD,A,JOHN DANIEL KINGSTON,JDK
432,3024,COST OF GOODS SOLD,A,JOHN DANIEL KINGSTON,JDK
432,3025,COST OF GOODS SOLD,A,JOHN DANIEL KINGSTON,JDK
432,3101,COST OF GOODS SOLD,A,JOHN DANIEL KINGSTON,JDK
432,3201,COST OF GOODS SOLD,A,JOHN DANIEL KINGSTON,JDK
432,3301,COST OF GOODS SOLD,A,JOHN DANIEL KINGSTON,JDK
432,500,COST OF GOODS SOLD,A,JOHN DANIEL KINGSTON,JDK
432,5000,COST OF GOODS SOLD,A,JOHN DANIEL KINGSTON,JDK
433,,COGS-FREIGHT,A,JOHN DANIEL KINGSTON,JDK
433,1000,COGS-LANDFILL FRONTLOAD,A,JOHN DANIEL KINGSTON,JDK
434,,"COGS-LABOR, COM, EMP TAX & BEN",A,JOHN DANIEL KINGSTON,JDK
434,10,COGS-LABOR-DRIVER,A,JOHN DANIEL KINGSTON,JDK
434,20,COGS-LABOR-MECHANIC,A,JOHN DANIEL KINGSTON,JDK
435,,COGS-TRAVEL,A,JOHN DANIEL KINGSTON,JDK
436,,COGS-LODGING,A,JOHN DANIEL KINGSTON,JDK
437,,COGS-MEALS,A,JOHN DANIEL KINGSTON,JDK
438,,COGS-MATERIALS,A,JOHN DANIEL KINGSTON,JDK
438,571,COGS-SUPPLIES FOR DUMPSTERS,A,JOHN DANIEL KINGSTON,JDK
438,1000,COGS-LANDFILL,A,JOHN DANIEL KINGSTON,JDK
438,2000,COGS-REPAIRS & MAINTC,A,JOHN DANIEL KINGSTON,JDK
438,3000,COGS-FUEL,A,JOHN DANIEL KINGSTON,JDK
439,,TOTAL COST OF GOODS SOLD,T,JOHN DANIEL KINGSTON,JDK
440,,GROSS MARGIN,T,JOHN DANIEL KINGSTON,JDK
445,,OTHER REVENUE,H,JOHN DANIEL KINGSTON,JDK
470,,RENTAL INCOME,A,JOHN DANIEL KINGSTON,JDK
470,100,RENTAL INCOME,A,JOHN DANIEL KINGSTON,JDK
470,115,RENTAL INCOME,A,JOHN DANIEL KINGSTON,JDK
470,200,RENTAL INCOME,A,JOHN DANIEL KINGSTON,JDK
470,210,RENTAL INCOME,A,JOHN DANIEL KINGSTON,JDK
470,400,RENTAL INCOME,A,JOHN DANIEL KINGSTON,JDK
470,410,RENTAL INCOME,A,JOHN DANIEL KINGSTON,JDK
475,,FREIGHT INCOME,A,JOHN DANIEL KINGSTON,JDK
480,,SERVICE INCOME,A,JOHN DANIEL KINGSTON,JDK
480,100,SERVICE INCOME,A,JOHN DANIEL KINGSTON,JDK
480,110,SERVICE INCOME,A,JOHN DANIEL KINGSTON,JDK
480,111,SERVICE INCOME,A,JOHN DANIEL KINGSTON,JDK
480,115,SERVICE INCOME,A,JOHN DANIEL KINGSTON,JDK
480,150,SERVICE INCOME,A,JOHN DANIEL KINGSTON,JDK
480,200,HUNTING INCOME,A,JOHN DANIEL KINGSTON,JDK
480,300,SERVICE INCOME,A,JOHN DANIEL KINGSTON,JDK
480,350,SERVICE INCOME,A,JOHN DANIEL KINGSTON,JDK
480,400,SERVICE INCOME,A,JOHN DANIEL KINGSTON,JDK
480,410,SERVICE INCOME,A,JOHN DANIEL KINGSTON,JDK
480,440,SERVICE INCOME,A,JOHN DANIEL KINGSTON,JDK
480,100,A/R SERVICE INCOME,A,JOHN DANIEL KINGSTON,JDK
480,110,SERVICE INCOME,A,JOHN DANIEL KINGSTON,JDK
480,111,SERVICE INCOME,A,JOHN DANIEL KINGSTON,JDK
480,115,SERVICE INCOME,A,JOHN DANIEL KINGSTON,JDK
480,150,SERVICE INCOME,A,JOHN DANIEL KINGSTON,JDK
480,200,SERVICE INCOME,A,JOHN DANIEL KINGSTON,JDK
480,300,SERVICE INCOME,A,JOHN DANIEL KINGSTON,JDK
480,400,SERVICE INCOME,A,JOHN DANIEL KINGSTON,JDK
480,410,SERVICE INCOME,A,JOHN DANIEL KINGSTON,JDK
480,420,SERVICE INCOME,A,JOHN DANIEL KINGSTON,JDK
480,440,SERVICE INCOME,A,JOHN DANIEL KINGSTON,JDK
480,5,SERVICE INCOME,A,JOHN DANIEL KINGSTON,JDK
480,500,SERVICE INCOME,A,JOHN DANIEL KINGSTON,JDK
482,,GAIN ON SALE OF AN ASSET,A,JOHN DANIEL KINGSTON,JDK
484,,REBATES,A,JOHN DANIEL KINGSTON,JDK
485,,ROYALTIES,A,JOHN DANIEL KINGSTON,JDK
486,,COMMISSION INCOME,A,JOHN DANIEL KINGSTON,JDK
487,,INTEREST INCOME,A,JOHN DANIEL KINGSTON,JDK
488,,LOAN INTEREST INCOME,A,JOHN DANIEL KINGSTON,JDK
489,,LOAN FEE INCOME,A,JOHN DANIEL KINGSTON,JDK
490,,LOAN PENALTY INCOME,A,JOHN DANIEL KINGSTON,JDK
491,,OTHER INCOME,A,JOHN DANIEL KINGSTON,JDK
491,100,OTHER INCOME,A,JOHN DANIEL KINGSTON,JDK
492,,OTHER REVENUE,A,JOHN DANIEL KINGSTON,JDK
493,,SCR LT,A,JOHN DANIEL KINGSTON,JDK
494,,SCR ST,A,JOHN DANIEL KINGSTON,JDK
495,,SCR INV,A,JOHN DANIEL KINGSTON,JDK
496,,RECEIPTS REVENUE,A,JOHN DANIEL KINGSTON,JDK
498,,TOTAL OTHER REVENUE,T,JOHN DANIEL KINGSTON,JDK
499,,REVENUE LESS COGS,T,JOHN DANIEL KINGSTON,JDK
500,,EXPENSES,H,JOHN DANIEL KINGSTON,JDK
502,,OPERATING EXPENSES,H,JOHN DANIEL KINGSTON,JDK
504,,CHARGED OFF ACTS,A,JOHN DANIEL KINGSTON,JDK
505,,BAD CHECKS,A,JOHN DANIEL KINGSTON,JDK
506,,WAGES,A,JOHN DANIEL KINGSTON,JDK
506,10,WAGES-ADMINISTRATIVE,A,JOHN DANIEL KINGSTON,JDK
506,12,WAGES,A,JOHN DANIEL KINGSTON,JDK
506,20,WAGES,A,JOHN DANIEL KINGSTON,JDK
506,30,WAGES,A,JOHN DANIEL KINGSTON,JDK
506,40,WAGES,A,JOHN DANIEL KINGSTON,JDK
506,100,WAGES-ALARM SERV,A,JOHN DANIEL KINGSTON,JDK
506,300,WAGES-GUARD SERV,A,JOHN DANIEL KINGSTON,JDK
506,5,LABOR ADVANCE,A,JOHN DANIEL KINGSTON,JDK
506,1,WAGES-SS,A,JOHN DANIEL KINGSTON,JDK
507,,WAGE MDSE EXPENSE,A,JOHN DANIEL KINGSTON,JDK
508,,CAPITALIZED/COGS LABOR,A,JOHN DANIEL KINGSTON,JDK
515,,COMMISSIONS,A,JOHN DANIEL KINGSTON,JDK
517,,CONTRACT LABOR,A,JOHN DANIEL KINGSTON,JDK
517,1000,CONTRACT LABOR-FRONT LOAD,A,JOHN DANIEL KINGSTON,JDK
518,,FUTA TAX EXPENSE,A,JOHN DANIEL KINGSTON,JDK
519,,SUTA TAX EXPENSE,A,JOHN DANIEL KINGSTON,JDK
520,,FICA TAX EXPENSE,A,JOHN DANIEL KINGSTON,JDK
521,,WORKMAN COMP INSURANCES,A,JOHN DANIEL KINGSTON,JDK
525,,HEALTH INSURANCE,A,JOHN DANIEL KINGSTON,JDK
525,10,HEALTH INS-DENTAL & EYECARE,A,JOHN DANIEL KINGSTON,JDK
530,,TRAVEL EXPENSES,A,JOHN DANIEL KINGSTON,JDK
530,100,TRAVEL EXPENSES,A,JOHN DANIEL KINGSTON,JDK
530,1,TRAVEL EXPENSES,A,JOHN DANIEL KINGSTON,JDK
535,,REPAIRS & MAINT-VEHICLES,A,JOHN DANIEL KINGSTON,JDK
535,1000,REPAIRS & MAINT-VEHICLES,A,JOHN DANIEL KINGSTON,JDK
536,,GAS & OIL,A,JOHN DANIEL KINGSTON,JDK
536,410,GAS EXPENSE GENERAL,A,JOHN DANIEL KINGSTON,JDK
536,420,OFF ROAD GAS GENERAL,A,JOHN DANIEL KINGSTON,JDK
536,422,OFF ROAD GAS CROPS,A,JOHN DANIEL KINGSTON,JDK
536,424,OFF ROAD GAS CATTLE,A,JOHN DANIEL KINGSTON,JDK
536,5,SUPPLIES - LUBE,A,JOHN DANIEL KINGSTON,JDK
536,1,DIESEL,A,JOHN DANIEL KINGSTON,JDK
536,10,FUEL DEISEL,A,JOHN DANIEL KINGSTON,JDK
536,1410,DIESEL GENERAL,A,JOHN DANIEL KINGSTON,JDK
536,1420,OFF ROAD DIESEL GENERAL,A,JOHN DANIEL KINGSTON,JDK
536,1422,OFF ROAD DIESEL CROPS,A,JOHN DANIEL KINGSTON,JDK
536,1424,OFF ROAD DIESEL CATTLE,A,JOHN DANIEL KINGSTON,JDK
536,5,GREASE,A,JOHN DANIEL KINGSTON,JDK
537,,DIESEL FUEL TAX,A,JOHN DANIEL KINGSTON,JDK
540,,FREIGHT EXPENSE,A,JOHN DANIEL KINGSTON,JDK
540,5,FREIGHT - RAW PRODUCT,A,JOHN DANIEL KINGSTON,JDK
541,,LOADING FEE EXPENSE,A,JOHN DANIEL KINGSTON,JDK
545,,ADVERTISING & PROMOTIONS,A,JOHN DANIEL KINGSTON,JDK
545,1,ADVERTISING & PROMOTIONS,A,JOHN DANIEL KINGSTON,JDK
545,1000,ADVERTISING-SM PHONE BOOKS,A,JOHN DANIEL KINGSTON,JDK
545,2,ADVERTISING & PROMOTIONS,A,JOHN DANIEL KINGSTON,JDK
545,2000,ADVERTISING-TRADE SHOWS,A,JOHN DANIEL KINGSTON,JDK
545,3,ADVERTISING & PROMOTIONS,A,JOHN DANIEL KINGSTON,JDK
545,3000,ADVERTISING-WEB SITES,A,JOHN DANIEL KINGSTON,JDK
545,4,ADVERTISING & PROMOTIONS,A,JOHN DANIEL KINGSTON,JDK
545,4000,ADVERTISING-HELP WANTED,A,JOHN DANIEL KINGSTON,JDK
550,,AP DISCOUNTS LOST,A,JOHN DANIEL KINGSTON,JDK
560,,OTHER OPERATING EXP,A,JOHN DANIEL KINGSTON,JDK
561,,TOTAL OPERATING EXP,T,JOHN DANIEL KINGSTON,JDK
563,,GENERAL & ADMINISTRATIVE EXP,H,JOHN DANIEL KINGSTON,JDK
564,,RENT-VEHICLES,H,JOHN DANIEL KINGSTON,JDK
565,,RENT-BUILDING,A,JOHN DANIEL KINGSTON,JDK
566,,RENT-EQUIPMENT & VEHICLES,A,JOHN DANIEL KINGSTON,JDK
566,100,SEMEN STORAGE EXPENSE,A,JOHN DANIEL KINGSTON,JDK
567,,RENT-LAND,A,JOHN DANIEL KINGSTON,JDK
567,100,GRAZING PERMIT EXPENSE,A,JOHN DANIEL KINGSTON,JDK
570,,REPAIRS & MAINT-BUILDING,A,JOHN DANIEL KINGSTON,JDK
570,100,R&M BLDG GENERAL,A,JOHN DANIEL KINGSTON,JDK
570,150,R&M BUTCHERING BLDG,A,JOHN DANIEL KINGSTON,JDK
570,200,R&M-BLDG HOMES,A,JOHN DANIEL KINGSTON,JDK
570,210,R&M BLDG WASH SE HOME,A,JOHN DANIEL KINGSTON,JDK
570,220,R&M BLDG NE HOME,A,JOHN DANIEL KINGSTON,JDK
570,230,R&M BLDG WASH SW HOME,A,JOHN DANIEL KINGSTON,JDK
570,240,R&M BLDG NW HOME,A,JOHN DANIEL KINGSTON,JDK
570,250,R&M IBPH UNIT #1,A,JOHN DANIEL KINGSTON,JDK
570,260,R&M BLDG IBPH STORE HOME,A,JOHN DANIEL KINGSTON,JDK
570,262,R&M IBPH MARY BARR HOME,A,JOHN DANIEL KINGSTON,JDK
570,264,R&M BLDG IBPH WOODARD HOME,A,JOHN DANIEL KINGSTON,JDK
570,300,R&M BLDG STORES,A,JOHN DANIEL KINGSTON,JDK
570,500,R&M BLDG CROPS,A,JOHN DANIEL KINGSTON,JDK
570,600,R&M BDLG CATTLE,A,JOHN DANIEL KINGSTON,JDK
571,,REPAIR & MAINTENANCE EQUIPMENT,A,JOHN DANIEL KINGSTON,JDK
571,10,REPAIR & MAINTENANCE EQUIPMENT,A,JOHN DANIEL KINGSTON,JDK
571,100,R&M EQUIPMENT GENERAL,A,JOHN DANIEL KINGSTON,JDK
571,300,R&M EQUIPMENT STORE,A,JOHN DANIEL KINGSTON,JDK
571,5,SUP IRR MAINTENANCE E-121,A,JOHN DANIEL KINGSTON,JDK
571,500,R&M-EQUIP CROPS,A,JOHN DANIEL KINGSTON,JDK
571,600,R&M EQUIPMENT CATTLE,A,JOHN DANIEL KINGSTON,JDK
571,700,R&M POULTRY EQUIPMENT,A,JOHN DANIEL KINGSTON,JDK
571,800,R&M-MEAT SHOP,A,JOHN DANIEL KINGSTON,JDK
571,1,R&M IRRIGATION SYSTEM,A,JOHN DANIEL KINGSTON,JDK
571,10,R&M IRRIGATION SYSTEM,A,JOHN DANIEL KINGSTON,JDK
571,25,REPAIR & MAINTENANCE EQUIPMENT,A,JOHN DANIEL KINGSTON,JDK
572,,LANDSCAPING,A,JOHN DANIEL KINGSTON,JDK
574,,COMPUTER SOFTWARE MAINTENANCE,A,JOHN DANIEL KINGSTON,JDK
580,,UTILITIES-FUEL,A,JOHN DANIEL KINGSTON,JDK
581,,UTILITIES-ELECTRIC,A,JOHN DANIEL KINGSTON,JDK
581,5,UTILITIES - ELEC IRRIGATION,A,JOHN DANIEL KINGSTON,JDK
582,,UTILITIES-WATER & SEWER,A,JOHN DANIEL KINGSTON,JDK
583,,UTILITIES-GARBAGE,A,JOHN DANIEL KINGSTON,JDK
583,10,UTILITIES-GARBAGE,A,JOHN DANIEL KINGSTON,JDK
583,30,UTILITIES-GARBAGE,A,JOHN DANIEL KINGSTON,JDK
583,40,UTILITIES-GARBAGE,A,JOHN DANIEL KINGSTON,JDK
583,50,UTILITIES-GARBAGE,A,JOHN DANIEL KINGSTON,JDK
583,60,UTILITIES-GARBAGE,A,JOHN DANIEL KINGSTON,JDK
583,70,UTILITIES-GARBAGE,A,JOHN DANIEL KINGSTON,JDK
583,80,UTILITIES-GARBAGE,A,JOHN DANIEL KINGSTON,JDK
583,90,UTILITIES-GARBAGE,A,JOHN DANIEL KINGSTON,JDK
583,100,UTILITIES-GARBAGE,A,JOHN DANIEL KINGSTON,JDK
584,,UTILITIES-PHONE,A,JOHN DANIEL KINGSTON,JDK
584,100,UTIL-RADIOS & CELL PHONES,A,JOHN DANIEL KINGSTON,JDK
584,150,UTIL-PHONE ANSWERING SERV,A,JOHN DANIEL KINGSTON,JDK
584,160,UTILITIES-PHONE,A,JOHN DANIEL KINGSTON,JDK
584,200,UTILITIES-PHONE,A,JOHN DANIEL KINGSTON,JDK
584,27,UTIL-PHONE SHOP,A,JOHN DANIEL KINGSTON,JDK
585,,UTILITIES-MISC,A,JOHN DANIEL KINGSTON,JDK
586,,UTILITIES-INTERNET,A,JOHN DANIEL KINGSTON,JDK
590,,PROPERTY TAX,A,JOHN DANIEL KINGSTON,JDK
595,,PERSONAL PROPERTY TAX,A,JOHN DANIEL KINGSTON,JDK
600,,DEPRECIATION EXP-VEHICLES,A,JOHN DANIEL KINGSTON,JDK
605,,DEPRECIATION EXP-EQUIPMENT,A,JOHN DANIEL KINGSTON,JDK
607,,DEPRECIATION EXP-F & F,A,JOHN DANIEL KINGSTON,JDK
609,,DEPRECIATION EXP-IMPROVEMENTS,A,JOHN DANIEL KINGSTON,JDK
611,,DEPRECIATION EXP-BUILDINGS,A,JOHN DANIEL KINGSTON,JDK
613,,AMORTIZATION EXPENSE,A,JOHN DANIEL KINGSTON,JDK
615,,CASUALTY/PROPERTY INSURANCE,A,JOHN DANIEL KINGSTON,JDK
620,,VEHICLE INSURANCE,A,JOHN DANIEL KINGSTON,JDK
620,100,VEHICLE INSURANCE,A,JOHN DANIEL KINGSTON,JDK
621,,INSURANCE,A,JOHN DANIEL KINGSTON,JDK
622,,SELF INSURANCE FUND EXPENSE,A,JOHN DANIEL KINGSTON,JDK
623,,EMPLOYEE BENEFIT FUND EXPENSE,A,JOHN DANIEL KINGSTON,JDK
625,,"OTHER PREMISE, EQUIP & VEH EXP",A,JOHN DANIEL KINGSTON,JDK
626,,"TOTAL PREMISE, EQUIP & VEH EXP",T,JOHN DANIEL KINGSTON,JDK
628,,FACTORING FEE EXPENSE,A,JOHN DANIEL KINGSTON,JDK
629,,ACCOUNTING FEES,A,JOHN DANIEL KINGSTON,JDK
630,,PROFESSIONAL FEES,A,JOHN DANIEL KINGSTON,JDK
631,,LEGAL FEES,A,JOHN DANIEL KINGSTON,JDK
635,,OFFICE SUPPLIES EXPENSE,A,JOHN DANIEL KINGSTON,JDK
635,27,SUPPLIES-SHOP,A,JOHN DANIEL KINGSTON,JDK
638,,SUPPLIES,A,JOHN DANIEL KINGSTON,JDK
638,100,SUPPLIES - GENERAL,A,JOHN DANIEL KINGSTON,JDK
638,200,SUPPLIES - HOMES,A,JOHN DANIEL KINGSTON,JDK
638,5,SUPPLIES - IRRIGATION,A,JOHN DANIEL KINGSTON,JDK
638,500,SUPPLIES - CROPS,A,JOHN DANIEL KINGSTON,JDK
638,600,SUPPLIES-CATTLE,A,JOHN DANIEL KINGSTON,JDK
638,10,SUPPLIES - PACKAGING,A,JOHN DANIEL KINGSTON,JDK
639,,PARTS EXPENSE,A,JOHN DANIEL KINGSTON,JDK
639,27,PARTS-SHOP,A,JOHN DANIEL KINGSTON,JDK
640,,POSTAGE EXPENSE,A,JOHN DANIEL KINGSTON,JDK
650,,PERMITS & LICENSES,A,JOHN DANIEL KINGSTON,JDK
655,,SUBSCRIPTIONS & MEMBERSHIPS,A,JOHN DANIEL KINGSTON,JDK
659,,FILING FEES,A,JOHN DANIEL KINGSTON,JDK
665,,FINES - PENALTY,A,JOHN DANIEL KINGSTON,JDK
675,,BANK CHARGES,A,JOHN DANIEL KINGSTON,JDK
676,,BANKCARD DISCOUNTS,A,JOHN DANIEL KINGSTON,JDK
685,,THEFT LOSS,A,JOHN DANIEL KINGSTON,JDK
689,,DONATIONS,A,JOHN DANIEL KINGSTON,JDK
690,,INCOME TAX PROVISION EXP,A,JOHN DANIEL KINGSTON,JDK
691,,MISC TAX,A,JOHN DANIEL KINGSTON,JDK
695,,FEED,A,JOHN DANIEL KINGSTON,JDK
695,100,CHICKEN FEED,A,JOHN DANIEL KINGSTON,JDK
696,,SEED,A,JOHN DANIEL KINGSTON,JDK
697,,FERTILIZER,A,JOHN DANIEL KINGSTON,JDK
697,10,CHEMICALS - WEED SPRAY,A,JOHN DANIEL KINGSTON,JDK
699,,VETINARY,A,JOHN DANIEL KINGSTON,JDK
699,100,BRAND INSPECTION,A,JOHN DANIEL KINGSTON,JDK
700,,GROCERY EXPENSE,A,JOHN DANIEL KINGSTON,JDK
703,,CLOTHING EXPENSE,A,JOHN DANIEL KINGSTON,JDK
705,,DAYCARE EXPENSES,A,JOHN DANIEL KINGSTON,JDK
707,,EDUCA.& TRAINING EXPENSE,A,JOHN DANIEL KINGSTON,JDK
709,,ENTERTAINMENT EXPENSE,A,JOHN DANIEL KINGSTON,JDK
710,,GIFT EXPENSE,A,JOHN DANIEL KINGSTON,JDK
715,,CHARGE CARD EXPENSE,A,JOHN DANIEL KINGSTON,JDK
720,,MEDICAL EXP,A,JOHN DANIEL KINGSTON,JDK
723,,EYE CARE EXPENSE,A,JOHN DANIEL KINGSTON,JDK
725,,DENTAL EXP,A,JOHN DANIEL KINGSTON,JDK
740,,INTEREST EXPENSE,A,JOHN DANIEL KINGSTON,JDK
741,,LOAN INTEREST EXPENSE,A,JOHN DANIEL KINGSTON,JDK
742,,LOAN FEE EXPENSE,A,JOHN DANIEL KINGSTON,JDK
743,,LOAN PENALTIES EXPENSE,A,JOHN DANIEL KINGSTON,JDK
780,,LOSS ON SALE OF ASSET,A,JOHN DANIEL KINGSTON,JDK
785,,OTHER EXPENSES,A,JOHN DANIEL KINGSTON,JDK
788,,OTHER ENPENSE,A,JOHN DANIEL KINGSTON,JDK
789,,SCP LT,A,JOHN DANIEL KINGSTON,JDK
790,,SCP ST,A,JOHN DANIEL KINGSTON,JDK
791,,SCP INV,A,JOHN DANIEL KINGSTON,JDK
792,,CHECK EXP,A,JOHN DANIEL KINGSTON,JDK
796,,TOTAL G & A EXPENSES,T,JOHN DANIEL KINGSTON,JDK
797,,TOTAL OPERATING & G&A EXP,T,JOHN DANIEL KINGSTON,JDK
799,,NET INCOME/LOSS-,T,JOHN DANIEL KINGSTON,JDK
801,,TRAN-INTRA COMPANY,A,JOHN DANIEL KINGSTON,JDK